,CATEGORIA,CODIGO,TEXTO
0,eventos meteorológicos,tormenta,Jinetes en la Tormenta
1,eventos meteorológicos,tormenta,"La tormenta que con diferentes niveles de intensidad afectó  a  t o d o  e l  s u r  d e l  p a ís provocó  u n  c o r t o c i r c u i t o  e n  d o s  l íneas de alta  t e n s i ón de 500 kw que transmiten energí a  d e s d e  l a  r e p r e s a  d e  P a l m a r ,  a  r a íz de la caí d a  d e  u n  r a y o ,  l o  q u e  p r o v o c ó un apagó n  d e  t o d o  e l  s u r  d e l  p a ís, afecta n d o  a  5 0 0  m i l  h o g a r e s  e n  l o s departamentos de Colonia, San José ,  C a n e l o n e s ,  Montevideo, Ma l d o n a d o  y  R o c h a ."
2,eventos meteorológicos,tormenta,"E l   ú l t i m o   b o l e t í n   de   l a   D i r e c c i ó n   N a c i o n a l   d e   M e t e o r o l o g í a   i n d i c a   q u e   e l tiempo se presentó  c a l u r o s o  c o n  c i e l o  a l g o  n u b o s o  y  n u b o s o .  C o n tormentas y lluvias aislada s .  L a  s i t u a c i ón sinó p t i c a  m u e s t r a  u n  b o r d e occide n t a l  de sistema de  a l t a  p r e s i ón que cubre al paí s ,  m i e n t r a s  u n  f r e n t e f r í o   s e   a p r o x i m a   p o r   e l   S W .   T o da v í a   n o   s e   d e s c a r t a n   l a s   t o r m e n t a s   y   h a s t a se habla de  g r a n i z a das."
3,eventos meteorológicos,tormenta,"El Servicio Nacional de  Meteorologí a  e m i t i ó una advertencia meteoroló g i c a para las pró x i m a s  h o r a s  c a r g a da de tormentas de fuerte intensidad, precipitaciones abunda n t e s  c o n  p r o b a b l e s  g r a n i z a d a s  y  r a c h a s  m u y  f u e r t e s de   v i e n t o   a s o c i a do s   a   l a s   t o r m e n t a s ."
4,eventos meteorológicos,tormenta,Un frente frí o  q u e  i n g r e s a  desde  h o y  a l  s u r  d e  U r u g u a y  p r o v o c a r á lluvias y tormentas.
5,eventos meteorológicos,tormenta,"En las ú l t i m a s  h o r a s  e l  c l i m a  s e  p r e s e n t ó fresco con cielo cubierto. Las precipitaciones fueron abundantes y persisten las tormentas. Las temperaturas fueron desde los 13º  a  l o s  1 7 º. La situació n  s i n óptica, presenta una fuerte depresió n  a t m o s f érica que continú a  a f e c tando al paí s .  P a r a  l a s  p r óximas horas se prevé  u n  d e s c e n s o  d e  t e m p e r a t u r a ."
6,eventos meteorológicos,tormenta,Inumet advierte por ingr eso de fr ente frío y tormentas entr e miér coles y jue ves 3
7,eventos meteorológicos,tormenta,Inumet advierte por ingr eso de fr ente frío y tormentas entr e miér coles y jue ves 3
8,eventos meteorológicos,tormenta,"El pronó s t i c o  p a r a  h o y  r e ? e r e  a  u n  c i e l o  n u b o s o  y  c u b i e r t o  c o n  f o r m a c i ón de tormentas y precipitaciones moderadas y abundantes, mejorando desde el suroeste hacia el ?nal del dí a  c o n  d e s c e n s o  d e  t e m p e r a t u r a"
9,eventos meteorológicos,tormenta,"Monte video C OMM / Portal   Con advertencia y todo, meteor ología pr onostica par a ho y un aumento de nubosidad, desmejor ando por el sur oeste con pr ecipitaciones y tormentas puntualmente intensas. Agr ega además  pr obable pr ecipitación de gr anizo ."
10,eventos meteorológicos,tormenta,"Por ese motivo, se lanzó una advertencia que indica:  A partir de la tar de de ho y se pr e vén abundantes pr ecipitaciones, pr obables gr anizadas y tempor ariamente vientos arr achados que super an los 80 km/h del sector S asociados a celdas de tormenta principalmente en la zona SW del territorio nacional. En la tar de del miér coles estas condiciones afectar an la zona norte del territorio nacional ."
11,eventos meteorológicos,tormenta,Precipitaciones y tormentas principalmente en zonas norte y este. Mejoras temporarias. Nieblas y neblinas.
12,eventos meteorológicos,tormenta,"""Granizado  a s o c i a do a tormentas ""es el pronó s t i c o  d e l  t i e m p o  p a r a  h o y  y m a ñ a n a   s e g ú n   i n di c a   l a   D i r e c c i ó n   N a c i o n a l   d e   M e t e o r o l o g í a .   H a c i a   e l   ? n   d e semana baja la temperatura y siguen los ""eventuales chaparrones""."
13,eventos meteorológicos,tormenta,"El temporal llegará  a  n u e s t r o  p a ís por el noreste y recorrerá  e l  t e r r i t o r i o  n a c i o n a l hasta afectar la capital. Segú n  d i j o  l a  p r e d i c t o r a  E l s a  Macaross al Portal, esto es tan só l o  u n a  t ípica tormenta de primavera, aunque se augura que desde las 21 hs."
14,eventos meteorológicos,tormenta,FUERTES TORMENTAS AZOTARÁN AL PAÍS
15,eventos meteorológicos,tormenta,Inumet emitió alerta amarilla por tormentas fuertes en varias localidades 5
16,eventos meteorológicos,tormenta,LLUVIAS Y TORMENTAS PARA HOY
17,eventos meteorológicos,tormenta,METEOROLOGÍA ADVIERTE FUERTES TORMENTAS
18,eventos meteorológicos,tormenta,TORMENTA EN RÍO NEGRO SIN LESIONADOS
19,eventos meteorológicos,tormenta,FIN DE SEMANA CON TORMENTAS
20,eventos meteorológicos,tormenta,TORMENTA Y VIENTOS
21,eventos meteorológicos,tormenta,TORMENTAS PARA EL FIN DE SEMANA
22,eventos meteorológicos,tormenta,TORMENTAS EL FIN DE SEMANA
23,eventos meteorológicos,tormenta,?VUELVEN LAS TORMENTAS
24,eventos meteorológicos,tormenta,"Advertencia meteorológica: tormenta, lluvia y granizada - Noticias Urug..."
25,eventos meteorológicos,tormenta,?SE VIENEN LAS TORMENTAS
26,eventos meteorológicos,tormenta,?SE VIENEN LAS TORMENTAS
27,eventos meteorológicos,tormenta,?TORMENTAS A PARTIR DE HOY
28,eventos meteorológicos,tormenta,?CONTINÚAN LAS TORMENTAS
29,eventos meteorológicos,tormenta,?LLUVIAS Y TORMENTAS PARA HOY
30,eventos meteorológicos,tormenta,"?LLUVIAS, TORMENTAS Y GRANIZADAS"
31,eventos meteorológicos,tormenta,?METEOROLOGÍA ANUNCIA TORMENTAS
32,eventos meteorológicos,tormenta,?TORMENTA Y GRANIZO EN MONTEVIDEO
33,eventos meteorológicos,tormenta,?TORMENTAS PARA ESTA NOCHE
34,eventos meteorológicos,tormenta,?TORMENTAS PARA ESTE VIERNES
35,eventos meteorológicos,tormenta,?ALERTA METEOROLÓGICA DE TORMENTAS
36,eventos meteorológicos,tormenta,?ANUNCIAN INUNDACIONES POR TORMENTAS
37,eventos meteorológicos,tormenta,?ANUNCIO DE TORMENTAS SEVERAS
38,eventos meteorológicos,tormenta,?MÁS CALOR Y TORMENTAS EN LOS PRÓXIMOS DÍAS
39,eventos meteorológicos,tormenta,?SE ANUNCIAN LLUVIAS Y TORMENTAS
40,eventos meteorológicos,tormenta,?SE ANUNCIAN LLUVIAS Y TORMENTAS
41,eventos meteorológicos,tormenta,"SE ANUNCIAN LLUVIAS Y TORMENTAS 3.965 uruguayos regresaron por la operación “Todos en casa”, que inicia una nueva fase"
42,eventos meteorológicos,tormenta,"SE ANUNCIAN LLUVIAS Y TORMENTAS 3.965 uruguayos regresaron por la operación “Todos en casa”, que inicia una nueva fase"
43,eventos meteorológicos,tormenta,?SE ANUNCIAN TORMENTAS Y PRECIPITACIONES
44,eventos meteorológicos,tormenta,?TORMENTAS PARA EL FIN DE SEMANA
45,eventos meteorológicos,tormenta,?Tormentas para hoy
46,eventos meteorológicos,tormenta,?TORMENTAS Y PRECIPITACIONES PARA HOY
47,eventos meteorológicos,tormenta,?Advierten sobre tormentas intensas
48,eventos meteorológicos,tormenta,?Pronostican tormentas para la semana
49,eventos meteorológicos,tormenta,?Tormentas fuertes en el sureste
50,eventos meteorológicos,tormenta,?Tormentas intensas hasta el domingo
51,eventos meteorológicos,tormenta,?Evacuados por tormenta
52,eventos meteorológicos,tormenta,Inumet emitió una alerta amarilla por vientos fuertes y persistentes en el sur del país 4
53,eventos meteorológicos,tormenta,"AdemÃ¡s, se anunciÃ³ descenso de temperatura en la zona sur, con cielo nuboso y cubierto con precipitaciones dispersas y algunas tormentas en frontera noreste principalmente."
54,eventos meteorológicos,tormenta,"?Pronostican ""probabilidad de tormentas aisladas"""
55,eventos meteorológicos,tormenta,Inumet emitió una alerta amarilla por vientos fuertes y persistentes en el sur del país 5
56,eventos meteorológicos,tormenta,?Siguen las tormentas
57,eventos meteorológicos,tormenta,"?Advertencia sobre ""tormentas fuertes"""
58,eventos meteorológicos,tormenta,?Consecuencias de la fuerte tormenta en
59,eventos meteorológicos,tormenta,Advertencias naranja y amarilla para buena parte del país por tormentas fuertes
60,eventos meteorológicos,tormenta,?Fin de semana con precipitaciones y tormentas
61,eventos meteorológicos,tormenta,?Meteorología: fin de semana con lluvias y tormentas
62,eventos meteorológicos,tormenta,Advertencias naranja y amarilla para buena parte del país por tormentas fuertes
63,eventos meteorológicos,tormenta,Advertencias naranja y amarilla para buena parte del país por tormentas fuertes
64,eventos meteorológicos,tormenta,?Lluvias y tormentas aisladas para miércoles y jueves
65,eventos meteorológicos,tormenta,?Lluvias y tormentas aisladas para miércoles y jueves
66,eventos meteorológicos,tormenta,?Meteorología pronostica lluvias y tormentas para el martes
67,eventos meteorológicos,tormenta,Advertencias naranja y amarilla para buena parte del país por tormentas fuertes
68,eventos meteorológicos,tormenta,"?Meteorología: ""tormentas intensas"""
69,eventos meteorológicos,tormenta,?Meteorología: tormentas para el viernes
70,eventos meteorológicos,tormenta,?Nivel amarillo por tormentas. Primavera entra el jueves a las 00:09
71,eventos meteorológicos,tormenta,?Tormentas para el fin de semana
72,eventos meteorológicos,tormenta,?Viernes: pronóstico de tormentas
73,eventos meteorológicos,tormenta,?Alerta naranja por fuertes tormentas
74,eventos meteorológicos,tormenta,Pou participó del acto por el 209 aniversario del Ejército
75,eventos meteorológicos,tormenta,?Meteorología: tormentas hacia la noche
76,eventos meteorológicos,tormenta,?Tormentas y lluvias abundantes
77,eventos meteorológicos,tormenta,?Alerta Amarilla por tormentas y abundantes lluvias
78,eventos meteorológicos,tormenta,Pou participó del acto por el 209 aniversario del Ejército
79,eventos meteorológicos,tormenta,?Pronóstico de tormentas
80,eventos meteorológicos,tormenta,?Tormentas intensas y frío el fin de semana
81,eventos meteorológicos,tormenta,?Advertencia amarilla por tormentas intensas
82,eventos meteorológicos,tormenta,Calor y tormentas este domingo
83,eventos meteorológicos,tormenta,?Nueva alerta amarilla por tormentas
84,eventos meteorológicos,tormenta,Postales de una tormenta montevideana
85,eventos meteorológicos,tormenta,? 100 evacuados por tormentas
86,eventos meteorológicos,tormenta,?Advertencia amarilla por tormentas
87,eventos meteorológicos,tormenta,?Alerta Naranja por tormentas
88,eventos meteorológicos,tormenta,?Alerta por tormenta y vientos
89,eventos meteorológicos,tormenta,Recomendaciones del SINAE
90,eventos meteorológicos,tormenta,?Anuncian aumento de temperatura y tormentas
91,eventos meteorológicos,tormenta,?Nueva tormenta el viernes
92,eventos meteorológicos,tormenta,?Reafirman pronóstico de fuerte tormenta
93,eventos meteorológicos,tormenta,?Advertencia amarilla por tormentas
94,eventos meteorológicos,tormenta,?Advertencia por tormentas intensas
95,eventos meteorológicos,tormenta,?Alerta amarilla por tormentas intensas
96,eventos meteorológicos,tormenta,?Alerta por calor y tormentas
97,eventos meteorológicos,tormenta,?Meteorología prevé lluvias y tormentas hasta el martes
98,eventos meteorológicos,tormenta,?Meteorología: tormentas intensas
99,eventos meteorológicos,tormenta,?Precipitaciones y tormentas aisladas hasta el martes
100,eventos meteorológicos,tormenta,?Advertencia Amarilla por tormentas hasta las 12:00 del miércoles
101,eventos meteorológicos,tormenta,?Advertencia Amarilla por tormentas
102,eventos meteorológicos,tormenta,?Advertencia amarilla por vientos y tormentas
103,eventos meteorológicos,tormenta,?Advertencia de Nivel Amarillo para el norte por tormentas intensas
104,eventos meteorológicos,tormenta,?Advertencia de nivel amarillo por lluvias abundantes y tormentas
105,eventos meteorológicos,tormenta,?Advertencia de nivel amarillo por tormentas
106,eventos meteorológicos,tormenta,?Advertencia de Nivel Naranja por tormentas
107,eventos meteorológicos,tormenta,?Advertencia naranja por tormentas fuertes y copiosas
108,eventos meteorológicos,tormenta,?Aviso de fuertes tormentas
109,eventos meteorológicos,tormenta,?Aviso especial por tormentas fuertes
110,eventos meteorológicos,tormenta,?Descendió a 81 el número de evacuados por tormentas
111,eventos meteorológicos,tormenta,?Descendió a 81 el número de evacuados por tormentas
112,eventos meteorológicos,tormenta,"?Domingo: tormentas, lluvia y fuertes vientos"
113,eventos meteorológicos,tormenta,?Fin de año con precipitaciones y tormentas
114,eventos meteorológicos,tormenta,?Pronostican lluvia y tormentas para el fin de semana
115,eventos meteorológicos,tormenta,?Riesgo amarillo: tormentas intensas en norte y este del país
116,eventos meteorológicos,tormenta,?Salinas fue la zona más afectada por tormentas
117,eventos meteorológicos,tormenta,Salinas fue la zona más afectada por tormentas
118,eventos meteorológicos,tormenta,?Sigue advertencia Amarilla por vientos y tormentas
119,eventos meteorológicos,tormenta,?Sigue advertencia por tormentas intensas
120,eventos meteorológicos,tormenta,?Tormentas generan menos problemas de los esperados en elecciones
121,eventos meteorológicos,tormenta,?Tormentas para año nuevo
122,eventos meteorológicos,tormenta,?Tormentas para martes y miércoles
123,eventos meteorológicos,tormenta,Tormentas para martes y miércoles
124,eventos meteorológicos,tormenta,Ola de calor
125,eventos meteorológicos,tormenta,El INUMET anuncia aumento de nubosidad con pr ecipitaciones y pr obables tormentas hacia la tar de-noche. La máxima ser á de 32 gr ados.
126,eventos meteorológicos,tormenta,Consejos de guar davidas ante tormentas eléctricas
127,eventos meteorológicos,tormenta,"Dur ante todo el viernes rigió una advertencia nar anja par a gr an parte del país por tormentas fuertes. A partir de las 20:30, el nivel de riesgo fue nar anja par a Artigas, Salto, River a, T acuar embó y Cerr o Lar go y amarillo par a Paysandú, Dur azno,"
128,eventos meteorológicos,tormenta,"Este domingo la temper atur a ir á en ascenso y llegar á a 35º en la capital, anuncian tormentas se ver as y lluvias dispersas."
129,eventos meteorológicos,tormenta,"La Dir ección Nacional de Bomber os debió intervenir en 188 oportunidades en Monte video, San José y Canelones como consecuencia del tempor al que afectó al sur del país en las últimas hor as. Según informó el Sistema Nacional de  Emer gencias (SINAE), todavía quedan 2000 hogar es sin electricidad."
130,eventos meteorológicos,tormenta,"Hay 12 e vacuados por intensas tormentas: siete en T r einta y T r es y cinco en Colonia. Además, el Sinae informó sobr e rutas cortadas y daños en la r ed eléctrica de distribución de todo el país. UTE lle va r egistr ados un total de 8.500 r eclamos."
131,eventos meteorológicos,tormenta,"Según explicó el Instituto Uruguayo de Meteorología (Inumet), ""los departamentos comprendidos en la franja costera del país se encuentran afectados por una masa de aire cálida, húmeda e inestable que generarán tormentas puntualmente intensas con actividad eléctrica, ocasionales granizadas, rachas de viento entre 60 - 75 km/h, y precipitaciones abundantes (20 - 50 mm)."
132,eventos meteorológicos,tormenta,Alerta naranja por lluvias y tormentas en el norte; hay 33 desplazados -...
133,eventos meteorológicos,tormenta,"Se prevé actividad eléctrica, ocasionales granizadas, rachas de viento fuerte entre 60 - 75 km/h y precipitaciones puntualmente abundantes (entre 20-50 mm en 6 hs.)"
134,eventos meteorológicos,tormenta,"Al final habrá o no tormentas y viento,no entiendo si el informe es viejo o no.aclaren bien porque da a confusión.gracias"
135,eventos meteorológicos,tormenta,"Según explicó el Instituto Uruguayo de Meteorología (Inumet), ""los departamentos comprendidos en la franja costera del país se encuentran afectados por una masa de aire cálida, húmeda e inestable que generarán tormentas puntualmente intensas con actividad eléctrica, ocasionales granizadas, rachas de viento entre 60 - 75 km/h, y precipitaciones abundantes (20 - 50 mm)."
136,eventos meteorológicos,tormenta,"""Una masa de aire cálido e inestable en interacción con un frente frío que se aproxima por el suroeste, genera el desarrollo de tormentas, con ocasional precipitación de granizo, intensa actividad eléctrica, probables rachas de viento entre 60-75 km/h, y precipitaciones entre 20-40 mm en seis horas"", se advierte."
137,eventos meteorológicos,tormenta,"En Artigas, Salto, Rivera, Tacuarembó y Cerro Largo, se señala que una ""masa aire cálida, húmeda e inestable continúa interaccionando con frente frío que se desplaza lentamente del Suroeste al Norte"" lo que favorece que continúen desarrollándose tormentas, acompañadas de ""precipitaciones copiosas (50 - 80 mm en 6 hs.), intensa actividad eléctrica, caída de granizo y rachas de viento muy fuerte entre 75 - 100 km/h""."
138,eventos meteorológicos,tormenta,"Por lo tanto para esta parte del país se esperan precipitaciones abundantes, rachas de viento de entre 75 y 120 kilómetros por hora, intensa actividad eléctrica y ocasional caída de granizo."
139,eventos meteorológicos,tormenta,"-100 mm), ocasionales granizadas, rachas de viento del SW entre 75 - 120 km/h, e intensa actividad eléctrica."
140,eventos meteorológicos,tormenta,"El organismo informó este mediodía que en esta zona hay tormentas fuertes que pueden llegar incluir rachas de viento superiores a 120 kilómetros por hora, granizo, intensa actividad eléctrica y lluvia intensa. El pronóstico rige hasta las 18:00 horas de este martes."
141,eventos meteorológicos,tormenta,"Montevideo y la zona metropolitana se espera cielo cubierto, precipitaciones y probables tormentas aisladas. Habrá rachas de viento y temperaturas entre los 18 de mínima y 23 de máxima."
142,eventos meteorológicos,tormenta,"Según informó el coordinador del Comité, Jorge Cuello, hasta el momento no hay lesionados ni evacuados, y las denuncias principalmente fueron por árboles, cartelería o tendido eléctrico caído o voladura de chapas. Ahora UTE, Bomberos y la Intendencia trabajan para reparar cuanto antes las zonas afectadas"
143,eventos meteorológicos,tormenta,"Según informó la Intendencia de Maldonado, 15 camiones trabajan en la zona apoyados por cuatro máquinas. Mientras, técnicos de las direcciones municipales de Obras, Higiene y Vivienda trabajan en la zona para asistir a los afectados."
144,eventos meteorológicos,tormenta,"Son 33 las personas desplazadas de sus hogares debido a las lluvias y fuertes tormentas de este sábado, así como hay seis carreteras cortadas tras la crecida de ríos y arroyos, según informó el Sistema Nacional de Emergencias del país (Sinae"
145,eventos meteorológicos,tormenta,"Se prevé actividad eléctrica, ocasionales granizadas, rachas de viento fuerte entre 60 - 75 km/h y precipitaciones puntualmente abundantes (entre 20-50 mm en 6 hs.)."
146,eventos meteorológicos,tormenta,"De acuerdo a las últimas comunicaciones del Sistema Nacional de Emergencias y Bomberos, habría un muerto a causa del temporal, 8 evacuados de Canelones y 1 ruta cortada. En la noche, Bomberos recibió 400 llamado"
147,eventos meteorológicos,tormenta,"Entre los fenómenos meteorológicos previstos se presentarán ""precipitaciones puntualmente abundantes (20-50 en 6 hs), rachas de viento del SW (60-75 km/h), intensa actividad eléctrica, ocasional caída de granizo"
148,eventos meteorológicos,tormenta,? https://www .montevideo.com.uy/Noticias/1 12-evacuados-y-danos-en-viviendas-es-el-saldo-de-las-tormentas-de-las-ultimas-horas-uc704881 1 / 12
149,eventos meteorológicos,tormenta,"Allí, se esper an lluvias, algunas intensas y formación de tormentas aisladas, con ocasional caída de gr anizo, intensa actividad eléctrica y r achas de viento fuertes."
150,eventos meteorológicos,tormenta,? https://www .montevideo.com.uy/Noticias/Advertencia-amarilla-por-tormentas-fuertes-para-el-suroeste-del-pais-uc702592 1 / 1 1
151,eventos meteorológicos,tormenta,? https://www .montevideo.com.uy/Noticias/Advertencia-Amarilla-por-tormentas-fuertes-para-Montevideo-y-parte-de-Florida-Lavalleja-Maldonado-y … 1 / 1 1
152,eventos meteorológicos,tormenta,? https://www .montevideo.com.uy/Noticias/Advertencia-amarilla-por-tormentas-para-Montevideo-Canelones-y-parte-de-Maldonado-uc705996 1 / 12
153,eventos meteorológicos,tormenta,"Amarillo por persistencia de tormentas y lluvias, que estar á vigente hasta las 23:15 del jue ves."
154,eventos meteorológicos,tormenta,? https://www .montevideo.com.uy/Noticias/Advertencia-meteorologica-de-distintos-niveles-para-buena-parte-del-pais-por-tormentas-fuertes-uc693 … 1 / 12
155,eventos meteorológicos,tormenta,"La situación se debe a que una perturbación atmosférica asociada a masa de air e húmeda e inestable, gener ando pr ecipitaciones y tormentas fuertes algunas puntualmente se ver as."
156,eventos meteorológicos,tormenta,? https://www .montevideo.com.uy/Noticias/Advertencia-naranja-para-el-suroeste-por-tormentas-y-amarilla-para-varios-departamentos-uc696124 1 / 1 1
157,eventos meteorológicos,tormenta,"El Instituto Nacional de Meteor ología r edujo la advertencia nar anja a tr es departamentos del norte, por tormentas y vientos fuertes."
158,eventos meteorológicos,tormenta,? https://www .montevideo.com.uy/Noticias/Advertencia-por-tormentas-fuertes-y-precipitaciones-intensas-para-el-fin-de-semana-uc696008 1 / 12
159,eventos meteorológicos,tormenta,? https://www .montevideo.com.uy/Noticias/Advierten-sobre-tormentas-fuertes-y-vientos-con-caracteristicas-de-temporal-para-este-fin-de-semana- … 1 / 12
160,eventos meteorológicos,tormenta,El Inumet advirtió que en algunas zonas de tormentas se puede r egistr ar caída de gr anizo e intensa actividad eléctrica.
161,eventos meteorológicos,tormenta,? https://www .montevideo.com.uy/Noticias/Alerta-amarilla-para-el-suroeste-del-pais-por-lluvias-y-tormentas-uc701265 1 / 1 1 S E   PO N E   N E G R O   C O M O   L A   N O C H E
162,eventos meteorológicos,tormenta,? https://www .montevideo.com.uy/Noticias/Alerta-amarilla-por-tormentas-y-lluvias-intensas-al-noroeste-uc702041 1 / 1 1
163,eventos meteorológicos,tormenta,? https://www .montevideo.com.uy/Noticias/Alerta-naranja-por-tormentas-y-lluvias-en-el-suroeste-del-pais-uc704705 1 / 12
164,eventos meteorológicos,tormenta,Meteor ología r edujo la advertencia nar anja por lluvias y tormentas fuertes a once departamentos del norte y el este del país.
165,eventos meteorológicos,tormenta,? https://www .montevideo.com.uy/Noticias/Alerta-naranja-Inumet-advierte-por-lluvias-y-tormentas-en-nueve-departamentos-uc696946 1 / 1 1
166,eventos meteorológicos,tormenta,? https://www .montevideo.com.uy/Noticias/Anuncian-lluvias-y-tormentas-para-este-fin-de-semana-en-todo-el-pais-uc696603 1 / 12
167,eventos meteorológicos,tormenta,Tormenta en Montevideo . Foto de ar chivo: EFE
168,eventos meteorológicos,tormenta,? https://www .montevideo.com.uy/Noticias/Canelones-y-Cerro-Largo-fueron-los-departamentos-mas-afectados-por-las-tormentas-uc689465 1 / 1 1
169,eventos meteorológicos,tormenta,"La cantidad de desplazados en todo el país por las tormentas ascendió a 175 en todo el país, de acuer do al último r eporte del Sistema Nacional de Emer gencias (Sinae)."
170,eventos meteorológicos,tormenta,? https://www .montevideo.com.uy/Noticias/Continua-advertencia-meteorologica-para-buena-parte-del-pais-por-tormentas-y-lluvias-uc704461 1 / 12
171,eventos meteorológicos,tormenta,"Des pu és   del   h u r a c á n   qu e  a z o t ó   M o n t e vi deo   en   s et i embr e  de  2 0 0 5 ,   l o s   met eo r ó l o go s   n o   s e  r ec u per a r o n .   C a r ga n   c o n   en o r mes s en t i mi en t o s   de  c u l pa   po r qu e  n o   pu di er o n   pr o n o s t i c a r l o .   N u n c a   s e  h a bí a   vi s t o   a l go   i gu a l ,   y   a   pa r t i r   de  a h í   empi e z a   t o do   es t o   de  l a s naranjas, qu e de va r i o s  M i l es, só l o  u n a  s a l e tormenta"
172,eventos meteorológicos,tormenta,El riesgo de tormentas fuertes se disipa y ahor a hay advertencia amarilla par a siete departamentos.
173,eventos meteorológicos,tormenta,"En definitiva, están bajo alerta nar anja por tormentas y lluvias las siguientes localidades:"
174,eventos meteorológicos,tormenta,? https://www .montevideo.com.uy/Noticias/El-Ano-Nuevo-llega-con-lluvias-tormentas-y-altas-temperaturas-uc706182 1 / 12
175,eventos meteorológicos,tormenta,"El Instituto Nacional de Meteor ología emitió una advertencia nar anja por vientos fuertes y tormentas, gr anizo y actividad eléctrica. T ambién rige una advertencia amarilla."
176,eventos meteorológicos,tormenta,El SINAE r ealizó una serie de r ecomendaciones ante la advertencia por tormentas y lluvias que afecta a todo el país y canalizar los r eclamos en caso de emer gencia por el 911.
177,eventos meteorológicos,tormenta,"Dos alertas de nivel nar anja por lluvias y tormentas rigen al mismo tiempo en el centr o y el sur oeste del país, según el último r eporte del Instituto Uruguayo de Meteor ología (Inumet). Monte video y varias otr as zonas del país se mantienen en nivel amarillo."
178,eventos meteorológicos,tormenta,"A partir del miér coles habr á pr ecipitaciones y tormentas aisladas en todo el país, que permanecer án hasta el sábado."
179,eventos meteorológicos,tormenta,Se esper a cielo nuboso y cubierto con pr ecipitaciones y tormentas aisladas en todo el país. Las temper atur as mínimas ser á de entr e 18 y 20º y las máximas de entr e 27 y 33º.
180,eventos meteorológicos,tormenta,"En el sur oeste habr á pr ecipitaciones y tormentas desde la mañana del viernes hasta el domingo, con temper atur as de entr e 12 y 22º."
181,eventos meteorológicos,tormenta,Negr o con mínimas de entr e 11 y 13 y máximas de entr e 20 y 22º. El sábado se esper an lluvias y tormentas en la mañana y mejor ar á en la tar de. El domingo estar á nuboso y cubierto con neblinas y temper atur as entr e los  10 y 22º.
182,eventos meteorológicos,tormenta,Los tanques fuer on diseñados par a r ecibir el e x ceso de caudal de lluvia que no pueda ser conducido en el pico de una tormenta por el sistema de dr enaje de las difer entes ár eas.
183,eventos meteorológicos,tormenta,? https://www .montevideo.com.uy/Noticias/Inumet-advirtio-sobre-tormentas-fuertes-durante-el-fin-de-semana-uc696813 1 / 1 1 ¿ P R I M A V E R A ?   C E R O
184,eventos meteorológicos,tormenta,El Instituto Nacional de Meteor ología emitió una advertencia amarilla par a el norte del país por tormentas.
185,eventos meteorológicos,tormenta,? https://www .montevideo.com.uy/Noticias/Inumet-emitio-advertencias-naranja-y-amarilla-por-tormentas-fuertes-uc697801 1 / 12
186,eventos meteorológicos,tormenta,Día de tormenta en Montevideo . Foto: Manuel Lino/ Montevideo Portal
187,eventos meteorológicos,tormenta,"Los departamentos de Artigas, Paysandú, Río Negr o y Salto son los afectados por la advertencia del servicio meteor ológico por posibles tormentas y pr ecipitaciones."
188,eventos meteorológicos,tormenta,Inumet emitió una advertencia de color nar anja por pr ecipitaciones y tormentas par a la totalidad de los departamento de
189,eventos meteorológicos,tormenta,? https://www .montevideo.com.uy/Noticias/Inumet-emitio-una-alerta-roja-por-tormenta-para-el-suroeste-del-pais-uc696152 1 / 13
190,eventos meteorológicos,tormenta,"José y Soriano. Allí se esper an ""tormentas se ver as""."
191,eventos meteorológicos,tormenta,Inumet actualizó las alertas por tormentas y pr ecipitaciones y e xpandió el ár ea que está bajo advertencia de color nar anja.
192,eventos meteorológicos,tormenta,? https://www .montevideo.com.uy/Noticias/Inumet-extendio-a-todo-el-litoral-la-alerta-naranja-por-tormentas-uc695704 1 / 13
193,eventos meteorológicos,tormenta,"El Instituto Nacional de Meteor ología e xtendió este mediodía la advertencia nar anja que ahor a afecta a todo el país, por tormentas fuertes, gr anizo y actividad eléctrica."
194,eventos meteorológicos,tormenta,? https://www .montevideo.com.uy/Noticias/Inumet-extendio-la-alerta-amarilla-por-tormentas-fuertes-y-lluvias-intensas-hasta-este-domingo-uc7013 … 1 / 1 1 ¿ T O D O   E S T Á   S E C O   E N   B U E N O S   A I R E S ?
195,eventos meteorológicos,tormenta,Hay 16 departamentos que están bajo advertencia amarilla por persistencia de lluvias y tormentas.
196,eventos meteorológicos,tormenta,En rea l i dad a l guien  puede t o mar en  s e r i o  l o s  pronó s t i c o s  de I n n u met ? Yo sigo a la antigu a  c o mo nos en s eñ a r o n  n u estros abu elos qu e nunca le erraba n  dedito al vi ento o si duel en los hues o s  s egu r o  h a y  l l u via y tormenta.
197,eventos meteorológicos,tormenta,"Los departamentos de Artigas, River a, Salto y T acuar embó están bajo advertencia por persistencia de tormentas y lluvias."
198,eventos meteorológicos,tormenta,"Entr e este jue ves y el viernes se esper an lluvias y tormentas en todo el país, que se ir án desplazando desde el litor al sur oeste hacia el nor este del país. Par a el sábado, aun se esper an lluvias per o escasas, principalmente al sur del río Negr o."
199,eventos meteorológicos,tormenta,"Pronostica pa r a  mañ a n a  y  el fi n  de s ema n a .  A y er había da do aler t a  a marilla pa r a  el norte u r u guayo mi entras la CNN pr o n o s t i c ó pa r a  el sur de Brasil, Urugu a y  y  h a s t a  el pa r a guay fu ertes  l l u vias, tormenta y vi entos mu y  fuer t es, algo  que s egún es c u c h o  en las noticias, al men o s   en   n u es t r o   pa í s   a c er t ó   mi en t r a s   n u e va men t e  el   I n u met   qu edó   . . ."
200,eventos meteorológicos,tormenta,? https://www .montevideo.com.uy/Noticias/Inumet-pronostico-lluvias-y-tormentas-fuertes-para-el-fin-de-semana-uc696688 1 / 7
201,eventos meteorológicos,tormenta,Día de tormenta en Montevideo . Foto: Mahuel Lino/ Montevideo Portal (Ar chivo)
202,eventos meteorológicos,tormenta,"Se pr e vén lluvias y tormentas fuertes par a los departamentos de Cerr o Lar go, Dur azno, Florida, River a,"
203,eventos meteorológicos,tormenta,"El servicio meteor ológico alertó a la población por tormentas fuertes y lluvias intensas hasta, por lo menos, las 9:45 hor as de este domingo."
204,eventos meteorológicos,tormenta,"Algunas localidades, principalmente al sur del Río Negr o, aún continúan con advertencias por lluvias y tormentas."
205,eventos meteorológicos,tormenta,"De esta forma, los departamentos que tienen localidades bajo riesgo de tormentas y pr ecipitaciones, algunas fuertes, son"
206,eventos meteorológicos,tormenta,"El Inumet pr onosticó que las lluvias y las tormentas se  continuar án gener ando sobr e el sur y el litor al oeste -y se ir án desplazando hacia el norte y el este del país-, donde persistir án hasta la tar de del lunes."
207,eventos meteorológicos,tormenta,"Los mismos fenómenos (tormenta eléctrica y posible caída de gr anizo) se dar án en otr as localidades, per o en menor intensidad. Estos fuer on señalados bajo la Alerta amarilla:"
208,eventos meteorológicos,tormenta,LA TORMENTA PERFECTA
209,eventos meteorológicos,tormenta,"El Instituto Uruguayo de Meteor ología (Inumet) amplió las zonas del país compr endidas bajo advertencia de nivel nar anja por tormentas y lluvias, incluyendo también a"
210,eventos meteorológicos,tormenta,? https://www .montevideo.com.uy/Noticias/Meteorologia-advierte-por-la-persistencia-de-lluvias-y-tormentas-fuertes-uc704778 1 / 12
211,eventos meteorológicos,tormenta,"El Instituto Uruguayo de Meteor ología advirtió que, a partir de la tar de del sábado y hasta el domingo, se esper a el desplazamiento de un fr ente frío con actividad pr e-fr ontal desde el Sur oeste al Nor este del país, que gener ar á tormentas y lluvias de variada intensidad."
212,eventos meteorológicos,tormenta,El Instituto Nacional de Meteor ología emitió una advertencia amarilla por lluvias y tormentas puntualmente fuertes. La advertencia se actualizar á a las 8.30hs.
213,eventos meteorológicos,tormenta,"Meteor ología emitió una advertencia amarilla par a 13 departamentos, del norte, centr o y este. Se esper an lluvias intensas y tormentas puntualmente fuertes."
214,eventos meteorológicos,tormenta,"Se esper an tormentas, lluvias intensas en cortos períodos de tiempo, ocasional caída de gr anizo, intensa actividad eléctrica y r achas de viento fuertes. La advertencia rige hasta las 12. El pr onóstico par a el fin de semana."
215,eventos meteorológicos,tormenta,"El Instituto Nacional de Meteor ología pr e vé que tormentas puntualmente fuertes con lluvias intensas, posible caída de gr anizo y actividad eléctrica con r achas de viento fuertes."
216,eventos meteorológicos,tormenta,? https://www .montevideo.com.uy/Noticias/Meteorologia-emitio-una-advertencia-naranja-para-el-norte-del-pais-por-lluvias-y-tormentas-uc693586 1 / 1 1
217,eventos meteorológicos,tormenta,? https://www .montevideo.com.uy/Noticias/Meteorologia-emitio-una-advertencia-naranja-por-tormentas-uc697802 1 / 1 1
218,eventos meteorológicos,tormenta,Ta lindo  el ma pa pi n t o n  a qui en  maldo n a do ubo  mucha tormenta el ectrica
219,eventos meteorológicos,tormenta,"El Instituto Nacional de Meteor ología pr e vé tormentas, algunas puntualmente fuertes, par a Artigas, River a y Salto."
220,eventos meteorológicos,tormenta,"INUMET, a partir de la madrugada del jue ves se esper a el desarr ollo de tormentas puntualmente fuertes acompañadas de lluviosas en distintas zonas del país."
221,eventos meteorológicos,tormenta,? https://www .montevideo.com.uy/Noticias/Meteorologia-pronostica-precipitaciones-y-tormentas-a-partir-de-este-martes-uc704444 1 / 1 1
222,eventos meteorológicos,tormenta,? https://www .montevideo.com.uy/Noticias/Metsul-anuncia-tormentas-muy-severas-y-con-alto-potencial-de-danos-para-Uruguay-uc696616 1 / 12 L A   T O R M E N T A   N O   E S   S O L O   B R A S I L E Ñ A
223,eventos meteorológicos,tormenta,? https://www .montevideo.com.uy/Noticias/Metsul-emitio-una-alerta-por-tormentas-fuertes-uc696717 1 / 14
224,eventos meteorológicos,tormenta,Monte video y Canelones fuer on los departamentos más afectados por los vientos y tormentas que afectar on varias zonas del país entr e el sábado 29 y el domingo 30 de diciembr e.
225,eventos meteorológicos,tormenta,El Instituto Uruguayo de Meteor ología (Inumet) r edujo a advertencia de Nivel Amarillo por tormentas intensas. Las principales localidades afectadas son:
226,eventos meteorológicos,tormenta,Lluvias y tormentas con vientos fuertes y actividad eléctrica con fuerte caída de gr anizo afecta al sur del país.La advertencia está vigente hasta las 19hs. Recomendaciones del Sistema Nacional de Emer gencia 22.09.2018 17:00
227,eventos meteorológicos,tormenta,? https://www .montevideo.com.uy/Noticias/Rige-alerta-roja-por-tormentas-fuertes-para-el-noreste-del-pais-uc696160 1 / 1 1
228,eventos meteorológicos,tormenta,T oda la zona coster a del Río de la Plata y el océano Atlántico está bajo advertencia por lluvias y tormentas.
229,eventos meteorológicos,tormenta,"Según los pr onósticos meteor ológicos, este año no ser á la e x cepción. De acuer do al Inumet, este miér coles tendr emos temper atur a primaver al, con 23 gr ados de máxima par a el sur del país, situación que cambiar á al llegar la noche. Se esper an pr ecipitaciones y tormentas, que se mantendr án el jue ves, con vientos fuertes y máximas de 14 gr ados."
230,eventos meteorológicos,tormenta,"El origen de esta popular tormenta se r emonta a 1617. Santa Rosa es Isabel Flor es de Oliva, que nació en Lima, Perú el 30 de abril de 1586 y murió la madrugada del 24 de agosto de 1617. Fue beatificada con el nombr e de Rosa. Santa Rosa de"
231,eventos meteorológicos,tormenta,"En el ár ea metr opolitana este viernes habr á una mínima de 17 y una máxima de 22º con cielo nuboso y cubierto con pr ecipitaciones aisladas. El sábado estar á peor, con una mínima de 17 y una máxima de 20º con pr ecipitaciones y pr obables tormentas dur ante toda la jornada. Par a el domingo pueden persistir las lluvias en la mañana, manteniéndose con cielo cubierto el r esto del día. La mínima ser á de 14 y la máxima de 17."
232,eventos meteorológicos,tormenta,"Par a el Sur oeste se esper a un viernes con una mínima de 6 y una máxima de 23°, con cielo algo nuboso y nuboso. El sábado aumentar á a 14 la mínima y la máxima se ubicar á en 26°, desmejor ando hacia la tar de, con pr ecipitaciones y tormentas, que cesar án en la tar de del domingo. Par a ese día, se esper a una mínima de 7 y  una máxima de 11° en esa zona del país."
233,eventos meteorológicos,tormenta,"El incidente fue apr o ximadamente a las 5:00 de la mañana de este sábado, momento en que sobr e la capital se r egistr aba una intensa tormenta, con vientos fuertes."
234,eventos meteorológicos,tormenta,? https://www .montevideo.com.uy/Noticias/Sigue-advertencia-meteorologica-para-el-norte-del-pais-por-tormentas-y-lluvias-uc705028 1 / 12
235,eventos meteorológicos,tormenta,"En definitiva, hay una alerta nar anja por tormentas y lluvias fuertes y otr a de color amarillo."
236,eventos meteorológicos,tormenta,? https://www .montevideo.com.uy/Noticias/T ras-la-tormenta-de-esta-madrugada-casi-60-000-usuarios-de-UTE-quedaron-sin-luz-uc706126 1 / 15
237,eventos meteorológicos,tormenta,? https://www .montevideo.com.uy/Noticias/Unos-2600-hogares-estan-sin-electricidad-debido-a-las-tormentas-uc689417 1 / 12
238,eventos meteorológicos,tormenta,El intendente de Florida Carlos Enciso debió convocar este jue ves al Comité de Emer gencia Departamental debido a los destr o zos pr o vocados por el viento y la tormenta en varias localidades del departamento.
239,eventos meteorológicos,tormenta,"""Cabe destacar que en zonas de tormentas se podrán registrar lluvias intensas en cortos períodos, ocasional caída de granizo, intensa actividad eléctrica y rachas de viento fuertes"", informó Inumet."
240,eventos meteorológicos,tormenta,"Tormentas aisladas y persistencia de lluvias, en forma intensa por periodos cortos de tiempo, con posible actividad eléctrica y rachas de viento fuertes, pronostica el Instituto Uruguayo de Meteorología para la mañana de este viernes con una alerta amarilla en siete departamentos del país."
